File	Start	End	Mode	Pitch Angle (P)	Error	Mode Method	Arm Method
N4536	1	133	2	-69.44395289453368	10.049881544513282Amp	BAR
