File	Start	End	Mode	Pitch Angle (P)	Error	Mode Method	Arm Method
N4501	1	131	2	-89.99999846476548	12.605432580113318Amp	BAR
