File	Start	End	Mode	Pitch Angle (P)	Error	Mode Method	Arm Method
N4303	1	133	2	-29.744878733866187	3.6145500661534395Amp	BAR
