File	Start	End	Mode	Pitch Angle (P)	Error	Mode Method	Arm Method
N4568	1	133	1	-89.99999846476548	20.648963601343365Amp	BAR
