File	Start	End	Mode	Pitch Angle (P)	Error	Mode Method	Arm Method
N4302	1	131	1	-89.99999846476548	20.672045095576845Amp	BAR
