File	Start	End	Mode	Pitch Angle (P)	Error	Mode Method	Arm Method
N4651	1	133	2	82.87498506479304	11.593730039282633Amp	BAR
