File	Start	End	Mode	Pitch Angle (P)	Error	Mode Method	Arm Method
N4321	1	131	2	19.983106862775035	1.9490865289090027Amp	BAR
